No,シリーズ,投稿本文,画像ソース,Nano_Bananaプロンプト,リプライ文,投稿済み,投稿日
1,【遺産発掘 第1報】,【遺産発掘 第1報】  1777年 ゲインズバラなる画家がポメ2頭を油彩に収めた  完成後 本物のポメが絵に激怒して飛びかかり 別の部屋に移す羽目になった  鏡に映る己には無関心だが 絵には本気で吠える  これほどポメった事案は18世紀に他にない 信仰値 +1777,本物推奨：https://www.tate.org.uk/art/artworks/gainsborough-pomeranian-bitch-and-puppy-n05844,"Ultra-photorealistic, dramatic close-up, cream white fluffy Pomeranian with proud dignified expression staring directly at camera, hyper-fluffy oversized round face, huge innocent black button eyes, tiny pink nose, cotton-ball fur texture, 18th century oil painting portrait of two dogs on easel behind, overturned candlestick with melted wax on floor, British manor library, warm golden light, no accessories",【法具のご案内】  ▼ポメラニアン 羊毛フェルトキット（自作するのか信者よ） https://www.amazon.co.jp/s?k=羊毛フェルト+犬+キット&tag=★  ▼ゲインズバラ 画集（本物と並べて飾れ） https://www.amazon.co.jp/s?k=ゲインズバラ+画集&tag=★  ポメ神に感謝を捧げよ,,
2,【聖典紹介 第1巻】,【聖典紹介 第1巻】  モーツァルトは愛犬ポメラニアン「ピンペル」のために専用のアリアを作曲した  人類最高の音楽家が一匹のポメのために音符を並べた  これを聴いたピンペルが感動したかどうかは不明だが 相当ポメみが深い話である  交響曲でも協奏曲でもなくポメへの愛の歌 これが最高傑作 信仰値 +1756,Nano Banana生成推奨,"Ultra-photorealistic, wide angle dramatic shot, fox-red long-haired Pomeranian wearing tiny white powdered wig and 18th century ruffled collar costume, hyper-fluffy oversized round face, huge innocent black button eyes, sitting on harpsichord keys, handwritten sheet music labeled Pimperl scattered everywhere, crystal chandeliers, Viennese concert hall",【法具のご案内】  ▼ポメラニアン専用 犬用ヴァイオリン型おもちゃ（本当にある） https://www.amazon.co.jp/s?k=犬+楽器+おもちゃ&tag=★  ▼モーツァルト胎教CD（ポメにも効くかもしれない） https://www.amazon.co.jp/s?k=モーツァルト+胎教+CD&tag=★  信仰と教養を同時に深めよ,,
3,【遺産発掘 第2報】,【遺産発掘 第2報】  1912年 タイタニック号沈没  生き残った犬3頭のうち2頭がポメラニアンだった  これは偶然にあらず ポメラニア地方より海を渡り世界へ布教してきた種族に水難など恐れるべくもない  沈まぬ信仰 これをポメるという 信仰値 +1912,Nano Banana生成推奨,"Ultra-photorealistic, cinematic low angle shot, tiny black Pomeranian with silver tips wrapped in grey wool blanket, hyper-fluffy oversized round face, huge innocent black button eyes, cotton-ball fur texture, standing at bow of wooden lifeboat NO.14 RMS TITANIC, enormous iceberg looming in moonlit background, Titanic sinking in distance with lights still glowing, desperate survivors behind",【法具のご案内】  ▼ポメラニアン ライフジャケット（犬用 本物） https://www.amazon.co.jp/s?k=犬+ライフジャケット+小型犬&tag=★  ▼タイタニック 公式記念品・書籍 https://www.amazon.co.jp/s?k=タイタニック+記念+本&tag=★  備えよ 常に,,
4,【布教録 第1章】,【布教録 第1章】  大英帝国を60年統治したヴィクトリア女王 その晩年を看取ったのはポメラニアン「トゥリー」だった  女王はポメを積極的に繁殖させ 現在の小型ポメの祖先を作った人物でもある  現代の全ポメラニアンは王室公認の血統 余の信仰は歴史によってポメられている  信仰値 +1901,Nano Banana生成推奨,出典画像使用のためプロンプト不要,【法具のご案内】  ▼ポメラニアン用 ロイヤルマント（犬服 本物） https://www.amazon.co.jp/s?k=犬+コスチューム+ロイヤル&tag=★  ▼英国王室 ウェッジウッド風ポメ柄マグカップ https://www.amazon.co.jp/s?k=犬+マグカップ+英国風&tag=★  女王も認めた尊さよ,,
5,【聖典紹介 第2巻】,【聖典紹介 第2巻】  宗教改革を起こしたマルティン・ルター 著作にはポメラニアン「ベルフェルライン」への深い愛が繰り返し記されている  カトリックには刃向かえど ポメへの愛には抗えなかった  ポメらない人間など存在しないと余は考える 宗派を超えてポメは愛される  信仰値 +1517,Nano Banana生成推奨,"Ultra-photorealistic, dramatic candlelit shot, chocolate brown Pomeranian with sleepy peaceful expression, hyper-fluffy oversized round face, huge innocent black button eyes, tiny pink nose, lying beneath rough wooden desk, enormous open Latin Bible illuminated manuscript above, stone monastery cell walls, dripping tallow candles, no accessories",【法具のご案内】  ▼ポメラニアン 聖書サイズ手帳カバー（使い道は各自考えよ） https://www.amazon.co.jp/s?k=手帳カバー+革+犬&tag=★  ▼マルティン・ルター 宗教改革500年記念版書籍 https://www.amazon.co.jp/s?k=マルティン・ルター+宗教改革+本&tag=★  歴史と信仰は繋がっている,,
6,【緊急布教】,【緊急布教】  ニュートンの愛犬ポメラニアン「ダイアモンド」 ロウソクを倒し数年分の研究ノートを灰にした  ニュートンは責めることなく「おお ダイアモンド お前は何をしてしまったのか」と呟いただけだったという  これをポメみと呼ばずして何と呼ぶ 万有引力すら書き直させる それがポメである  信仰値 +1687,Nano Banana生成推奨,"Ultra-photorealistic, overhead dramatic angle, pale lavender-grey Pomeranian with surprised wide eyes, hyper-fluffy oversized round face, huge innocent black button eyes, sitting surrounded by charred burned manuscript papers, overturned candlestick with melted wax, mathematical equations visible on scorched papers, 17th century English study",【法具のご案内】  ▼耐火書類ケース（ポメを飼う研究者は備えよ） https://www.amazon.co.jp/s?k=耐火+書類ケース&tag=★  ▼ニュートン 純銀製デスクオブジェ（謎の高級法具） https://www.amazon.co.jp/s?k=ニュートン+デスク+オブジェ&tag=★  ポメは歴史を変える,,
7,【異世界布教 第1回】,【異世界布教 第1回】  ロックンロールの帝王エルヴィス・プレスリー 最愛の母への贈り物に選んだのはポメラニアン「スウィート・ピー」だった  音楽の神も深くポメっていた 余はここに確信を得る  Elvis has left the building しかしポメは永遠に聖堂に在す  信仰値 +1956,Nano Banana生成推奨,"Ultra-photorealistic, retro 1950s studio portrait style, cream white fluffy Pomeranian wearing tiny rhinestone collar and miniature leather jacket, hyper-fluffy oversized round face, huge innocent black button eyes, sitting on pink satin bedspread, vintage Elvis Presley concert poster on wall, Graceland bedroom, Kodachrome color style",【法具のご案内】  ▼ポメラニアン エルヴィス風コスチューム（犬服 実在する） https://www.amazon.co.jp/s?k=犬+コスチューム+ロックスター&tag=★  ▼エルヴィス グレイスランド公式ライセンスグッズ https://www.amazon.co.jp/s?k=エルヴィス+グッズ+公式&tag=★  愛は国境も時代も超える,,
8,【遺産発掘 第3報】,【遺産発掘 第3報】  ポメラニアンの名の由来 ポメラニア地方はバルト海に面した実在の地である  かつてプロイセン王国の一部 スラブとゲルマンが交差した土地の大型犬を貴族が小型化し英国王室が愛し全世界にポメらせた  ポメラニアンとは民族と歴史と美意識が凝縮した神聖な存在だ  聖地巡礼希望者は北欧方面を目指せ 信仰値 +無限大,Nano Banana生成推奨,"Ultra-photorealistic, soft morning light, extremely round fluffy white Pomeranian puppy with bright blue eyes and surprised wide expression, hyper-fluffy oversized round face, cotton-ball fur texture, sitting on wooden Japanese apartment floor, acoustic guitar case open nearby, music scores scattered, dust particles in sunlight beam",【法具のご案内】  ▼ポメラニア地方 古地図ポスター（部屋に飾れる聖地図） https://www.amazon.co.jp/s?k=古地図+ポスター+ヨーロッパ&tag=★  ▼ポーランド語 入門テキスト（聖地語を学べ） https://www.amazon.co.jp/s?k=ポーランド語+入門&tag=★  信仰の源流を辿れ,,
9,【聖典紹介 第3巻】,【聖典紹介 第3巻】  チェーホフの短編に登場する小型犬はポメラニアン系とされている  ドストエフスキーもトルストイもポメらなかったがチェーホフはポメた  最も繊細な作家が最も繊細な犬を選んだのは必然である  信仰値 +1899,Nano Banana生成推奨,"Ultra-photorealistic, dramatic action shot low angle, fox-red spiky-furred Pomeranian with fierce alert expression, hyper-fluffy oversized round face, huge innocent black button eyes, standing heroically, explosion sparks and smoke behind, dramatic storm clouds, golden hour backlight, fur blown back by wind",【法具のご案内】  ▼ポメラニアン柄 ロシア風マトリョーシカ（存在する） https://www.amazon.co.jp/s?k=マトリョーシカ+犬&tag=★  ▼チェーホフ 全集 革装丁版（聖典にふさわしい装丁で） https://www.amazon.co.jp/s?k=チェーホフ+全集&tag=★  優れた文学にはポメがいる,,
10,【布教録 第2章】,【布教録 第2章】  ミケランジェロがシスティーナ礼拝堂の天井画を描いていた頃 足元ではポメラニアンがサテンのクッションの上で神の創造を見守っていた  アダムに命が吹き込まれる瞬間を最初に目撃した生命体がポメラニアンだったかもしれない  神の右手の下でポメは眠っていた これ以上ポメよな話があるだろうか  信仰値 +1512,Nano Banana生成推奨,"Ultra-photorealistic, stunning wide angle, tiny orange sable Pomeranian with sleepy expression, hyper-fluffy oversized round face, huge innocent black button eyes, sleeping curled on purple silk cushion on marble floor, looking up at Sistine Chapel ceiling fresco directly above, scaffolding visible, dramatic light rays through high windows",【法具のご案内】  ▼システィーナ礼拝堂 天井画 超高解像度ポスター（2m×1m 本当にある） https://www.amazon.co.jp/s?k=システィーナ礼拝堂+ポスター&tag=★  ▼ポメラニアン用 サテン素材クッション（再現せよ） https://www.amazon.co.jp/s?k=犬用+クッション+高級&tag=★  芸術の神もポメを認めた,,
11,【異世界布教 第2回】,【異世界布教 第2回】  英語圏のヒロアカファンが爆豪勝己につけた呼び名は「Angry Pomeranian」である  怒りっぽく 毛がふさふさで 自分が一番強いと信じて疑わない  これはポメラニアンの特性を完璧に言語化している 余は爆豪を教団の名誉布教大使と認定する  ポメらない奴には爆破あるのみ 信仰値 +爆,Nano Banana生成推奨（実在キャラの再現はNG・インスパイア系で）,"Ultra-photorealistic, moody romantic shot, chocolate brown long-haired Pomeranian, hyper-fluffy oversized round face, huge innocent black button eyes, curled beside grand piano leg, rain streaking down tall French windows, Nocturne sheet music on piano stand, fireplace glowing, 19th century French country house Nohant",【法具のご案内】  ▼爆豪勝己 公式グッズ（信者への必携品） https://www.amazon.co.jp/s?k=爆豪+グッズ+公式&tag=★  ▼ポメラニアン ふわふわカーリーファーおもちゃ（爆豪の髪型に近い） https://www.amazon.co.jp/s?k=ポメラニアン+おもちゃ+ぬいぐるみ&tag=★  信仰とアニメは融合する,,
12,【聖典紹介 第4巻】,【聖典紹介 第4巻】  アニメ「ギヴン」に登場するポメラニアン その名は「毛玉」  真っ白でまん丸 目が青くて鼻がちっちゃい 出てくるだけで場が浄化される  名前に「毛」と「玉」しかない それ以上の説明は不要だ  これをポメみの極致という 信仰値 +毛玉,Nano Banana生成推奨,"Ultra-photorealistic, intimate close-up, pale silver-grey Pomeranian with calm serene expression, hyper-fluffy oversized round face, huge innocent black button eyes, sitting on open Russian literary book, frosted window with snow outside, samovar steaming on table, late 19th century Russian interior",【法具のご案内】  ▼ギヴン コミックス・Blu-ray https://www.amazon.co.jp/s?k=ギヴン+コミック&tag=★  ▼真っ白ポメラニアン ぬいぐるみ（毛玉の再現） https://www.amazon.co.jp/s?k=白+ポメラニアン+ぬいぐるみ&tag=★  浄化されよ,,
13,【異世界布教 第3回】,【異世界布教 第3回】  2025年のガンダム最新作「GQuuuuuuX」に登場するポメラニアン  なんと公式サイトのキャラクター一覧に掲載されている 名前は「ポメラニアン」  人類がモビルスーツを操る時代にあってもポメは変わらずポメである  これをポメの普遍性という 信仰値 +UC,Nano Banana生成推奨,"Ultra-photorealistic, epic wide landscape shot, lone fluffy cream Pomeranian, hyper-fluffy oversized round face, huge innocent black button eyes, standing on Baltic Sea cliff edge, dramatic grey stormy sky, wild sea below, ancient Slavic wooden fortress ruins in background, wind blowing fur",【法具のご案内】  ▼ガンダムGQuuuuuuX 関連グッズ https://www.amazon.co.jp/s?k=ガンダム+GQuuuuuuX&tag=★  ▼ポメラニアン 宇宙飛行士コスチューム（犬服 実在する） https://www.amazon.co.jp/s?k=犬+宇宙飛行士+コスチューム&tag=★  宇宙世紀にもポメは在す,,
14,【遺産発掘 第4報】,【遺産発掘 第4報】  断頭台に送られたマリー・アントワネット その最期まで愛したのはポメラニアンだった  フランス革命に散った命 しかしポメへの愛は革命にも奪えなかった  歴史は繰り返す しかしポメは永遠にポメである  これをポメの不滅性という 信仰値 +1793,Nano Banana生成推奨,"Ultra-photorealistic, glamorous Rococo portrait, lavender-grey Pomeranian wearing elaborate tiny powdered wig and miniature pink silk dress with lace trim, hyper-fluffy oversized round face, huge innocent black button eyes, sitting on gold ornate chair, Palace of Versailles Hall of Mirrors background, crystal chandeliers",【法具のご案内】  ▼ポメラニアン ロココ調アクセサリー・首輪 https://www.amazon.co.jp/s?k=犬+首輪+高級+リボン&tag=★  ▼マリー・アントワネット 伝記・関連書籍 https://www.amazon.co.jp/s?k=マリー・アントワネット+本&tag=★  革命にも散らぬポメ愛よ,,
15,【布教録 第3章】,【布教録 第3章】  かつてポメラニアンは23キロあった  北極のそりを引き 家畜を守り 雪原を駆けた大型スピッツ犬がその祖先である  それがヴィクトリア女王の繁殖計画によって現在の3〜7キロに縮小された  23キロの魂が3キロの毛玉に宿っている これをポメの凝縮という 信仰値 +北極,Nano Banana生成推奨,"Ultra-photorealistic, sci-fi dramatic shot, sleek black Pomeranian wearing tiny futuristic space suit helmet, hyper-fluffy oversized round face, huge innocent black button eyes, floating weightlessly in space station corridor, giant mobile suit Gundam visible through viewport, Earth from orbit in background",【法具のご案内】  ▼ハスキー・スピッツ系犬種図鑑（ポメの親戚を知れ） https://www.amazon.co.jp/s?k=スピッツ+犬種+図鑑&tag=★  ▼ポメラニアン用 そり型ベッド（存在するか分からないが探せ） https://www.amazon.co.jp/s?k=犬+ベッド+そり&tag=★  小さき者に大いなる魂宿る,,
16,【遺産発掘 第5報】,【遺産発掘 第5報】  ショパンが愛した作家ジョルジュ・サンド 彼女の邸宅にはポメラニアンがいた  ショパンがノアン荘で傑作を書いた夜 ポメは暖炉のそばで眠っていたかもしれない  夜想曲のインスピレーションの一部はポメからきていると余は断言する 証明できないが断言する  これをポメ起源説という 信仰値 +1838,Nano Banana生成推奨,"Ultra-photorealistic, macro close-up detail shot, fox-red Pomeranian with curious expression, hyper-fluffy oversized round face, huge innocent black button eyes, surrounded by hundreds of colorful vintage postage stamps from USSR East Germany Japan, magnifying glass, philatelist study, warm lamp light",【法具のご案内】  ▼ショパン ノクターン 名盤CD（ポメのそばで聴け） https://www.amazon.co.jp/s?k=ショパン+ノクターン+CD&tag=★  ▼ポメラニアン 暖炉型ペットベッド（再現用） https://www.amazon.co.jp/s?k=犬+ベッド+暖炉型&tag=★  音楽とポメは相性がよい,,
17,【聖典紹介 第5巻】,【聖典紹介 第5巻】  ポメラニア地方のスラブ民族は聖なる森と泉に神々を祀っていた  馬の神託 三つ頭の神トリグラフ そして犬と結びつく伝説的存在の記録が残っている  つまりポメラニアンの故郷は太古から神と犬が共存する地だった  余の信仰は歴史の地層から湧き出ている 信仰値 +異教,Nano Banana生成推奨,"Ultra-photorealistic, dramatic split composition, left half shows massive powerful white Samoyed sled dog in blizzard pulling heavy sled across Arctic tundra, right half shows tiny fluffy cream Pomeranian with hyper-fluffy oversized round face and huge innocent black button eyes on velvet cushion indoors, same distinctive curled tail connecting both sides",【法具のご案内】  ▼スラブ神話・東欧民族神話入門書 https://www.amazon.co.jp/s?k=スラブ神話+本&tag=★  ▼ポメラニアン 北欧神話デザイン首輪（あるかもしれない） https://www.amazon.co.jp/s?k=犬+首輪+北欧+デザイン&tag=★  聖地の血が流れている,,
18,【緊急布教】,【緊急布教】  1764年11月2日 ジェームズ・ボズウェルの日記に記録あり  「フランス人がポメルと名づけたポメラニアン犬を非常に可愛がっていた」  これが文献に残るポメラニアンという名称の最古記録のひとつである  ポメは歴史の最初期からきちんと記録されていた 余の信仰には文献的根拠がある  信仰値 +1764,Nano Banana生成推奨,"Ultra-photorealistic, intimate detail shot, orange fluffy Pomeranian with playful expression, hyper-fluffy oversized round face, huge innocent black button eyes, sitting on open leather diary, handwritten entry dated November 2 1764 with word Pomeranian legible, quill pen ink bottle, 18th century candlelit writing desk",【法具のご案内】  ▼本革装丁日記帳（ポメ目撃情報を記録せよ） https://www.amazon.co.jp/s?k=本革+日記帳+手帳&tag=★  ▼ジェームズ・ボズウェル「サミュエル・ジョンソン伝」 https://www.amazon.co.jp/s?k=ジョンソン伝+ボズウェル&tag=★  記録することが布教の第一歩,,
19,【法具入荷 第2便】,【法具入荷 第2便】  世界各国がポメラニアンの切手を発行している  ソビエト連邦 東ドイツ そして日本 イデオロギーを超えてポメは切手に刷られた  鉄のカーテンもポメを止めることはできなかった  郵便局という名の聖堂に ポメは静かに鎮座していた 信仰値 +普遍,Nano Banana生成推奨,"Ultra-photorealistic, theatrical wide angle, chocolate Pomeranian wearing tiny bishop's mitre hat and miniature purple vestment robe, hyper-fluffy oversized round face, huge innocent black button eyes, standing on stone pulpit, medieval cathedral interior, stained glass windows casting colored light, congregation below",【法具のご案内】  ▼ポメラニアン切手 コレクション（eBayで探せ・Amazonはこちら） https://www.amazon.co.jp/s?k=犬+切手+コレクション&tag=★  ▼切手収集アルバム（聖典を収める器として） https://www.amazon.co.jp/s?k=切手+アルバム+収集&tag=★  布教は国境を越える,,
20,【布教録 第4章】,【布教録 第4章】  ポメラニアンがよく吠えるのは欠点ではなく遺伝的使命である  北極のそり犬として危険を知らせ 家畜を守ってきた数千年の記憶が3キロの体に刻まれている  小さくなっても魂はそのままだ 23キロ分の警戒心が3キロの体から発せられる  これをポメの過剰誠実性という 信仰値 +DNA,Nano Banana生成推奨,"Ultra-photorealistic, mystical atmospheric shot, silver-tipped black Pomeranian, hyper-fluffy oversized round face, huge innocent black button eyes, sitting at base of tall carved wooden Slavic idol in sacred forest grove, Baltic Sea fog rolling in, ancient oak trees, ritual fire embers glowing, blue moonlight",【法具のご案内】  ▼ポメラニアン しつけ・トレーニング本（吠えを理解してやれ） https://www.amazon.co.jp/s?k=ポメラニアン+しつけ+本&tag=★  ▼犬用 防音ケージカバー（信者の近隣関係保護のため） https://www.amazon.co.jp/s?k=犬+ケージ+カバー+防音&tag=★  吠えは愛の表現である,,
